Project,Date,Chinook Run,Chin,Chin10Yr,JChin,JChin10Yr,Stlhd,Stlhd10Yr,WStlhd,WStlhd10Yr,Sock,Sock10Yr,Coho,Coho10Yr,JCoho,JCoho10Yr,Shad,Shad10Yr,LmpryDay,LmpryDay10Yr,BTrout,BTrout10Yr,Chum,Chum10Yr,Pink,TempC
Willamette Falls,2025-01-01,,,,,,,7,,,,,,,,,,,,,,,,,,
Willamette Falls,2025-01-02,Sp,,,,,11,12,,,,,,1,,,,,,,,,,,,
Willamette Falls,2025-01-03,Sp,,,,,53,9,,,,,,1,,,,,,,,,,,,
Willamette Falls,2025-01-04,Sp,,,,,21,9,,,,,,1,,,,,,,,,,,,
Willamette Falls,2025-01-05,Sp,,,,,18,11,,,,,,1,,,,,,,,,,,,
Willamette Falls,2025-01-06,Sp,,,,,14,13,,,,,,1,,,,,,,,,,,,
Willamette Falls,2025-01-07,Sp,,,,,15,10,,,,,,1,,,,,,,,,,,,
Willamette Falls,2025-01-08,Sp,,,,,26,10,,,,,2,,,,,,,,,,,,,
Willamette Falls,2025-01-09,Sp,,,,,18,10,,,,,,,,,,,,,,,,,,
Willamette Falls,2025-01-10,Sp,,,,,39,7,,,,,,,,,,,,,,,,,,
Willamette Falls,2025-01-11,Sp,,,,,86,11,,,,,,,,,,,,,,,,,,
Willamette Falls,2025-01-12,Sp,,,,,89,17,,,,,,,,,,,,,,,,,,
Willamette Falls,2025-01-13,Sp,,,,,89,18,,,,,,,,,,,,,,,,,,
Willamette Falls,2025-01-14,Sp,,,,,59,14,,,,,,,,,,,,,,,,,,
Willamette Falls,2025-01-15,Sp,,,,,75,14,,,,,,,,,,,,,,,,,,
Willamette Falls,2025-01-16,Sp,,,,,21,12,,,,,,,,,,,,,,,,,,
Willamette Falls,2025-01-17,Sp,,,,,46,14,,,,,,,,,,,,,,,,,,
Willamette Falls,2025-01-18,Sp,,,,,51,18,,,,,,,,,,,,,,,,,,
Willamette Falls,2025-01-19,Sp,,,,,34,17,,,,,1,,,,,,,,,,,,,
Willamette Falls,2025-01-20,Sp,,,,,21,24,,,,,,,,,,,,,,,,,,
Willamette Falls,2025-01-21,Sp,,,,,12,27,,,,,,,,,,,,,,,,,,
Willamette Falls,2025-01-22,Sp,,,,,18,22,,,,,,,,,,,,,,,,,,
Willamette Falls,2025-01-23,Sp,,,,,8,26,,,,,,,,,,,,,,,,,,
Willamette Falls,2025-01-24,Sp,,,,,22,35,,,,,,,,,,,,,,,,,,
Willamette Falls,2025-01-25,Sp,,,,,6,32,,,,,,,,,,,,,,,,,,
Willamette Falls,2025-01-26,Sp,,,,,3,18,,,,,,,,,,,,,,,,,,
Willamette Falls,2025-01-27,Sp,,,,,6,17,,,,,,,,,,,,,,,,,,
Willamette Falls,2025-01-28,Sp,,,,,5,17,,,,,,,,,,,,,,,,,,
Willamette Falls,2025-01-29,Sp,,,,,7,15,,,,,,,,,,,,,,,,,,
Willamette Falls,2025-01-30,Sp,,,,,23,11,,,,,,,,,,,,,,,,,,
Willamette Falls,2025-01-31,Sp,,,,,9,16,,,,,,,,,,,,,,,,,,
Willamette Falls,2025-02-01,Sp,,,,,20,23,,,,,,,,,,,,,,,,,,
Willamette Falls,2025-02-02,Sp,,,,,54,28,,,,,,,,,,,,,,,,,,
Willamette Falls,2025-02-03,Sp,,,,,93,34,,,,,,,,,,,,,,,,,,
Willamette Falls,2025-02-04,Sp,,,,,67,29,,,,,,,,,,,,,,,,,,
Willamette Falls,2025-02-05,Sp,,,,,18,31,,,,,,,,,,,,,,,,,,
Willamette Falls,2025-02-06,Sp,,,,,14,42,,,,,,,,,,,,,,,,,,
Willamette Falls,2025-02-07,Sp,,,,,4,56,,,,,,,,,,,,,,,,,,
Willamette Falls,2025-02-08,Sp,,,,,11,50,,,,,,,,,,,,,,,,,,
Willamette Falls,2025-02-09,Sp,,,,,27,36,,,,,,,,,,,,,,,,,,
Willamette Falls,2025-02-10,Sp,,,,,17,30,,,,,,,,,,,,,,,,,,
Willamette Falls,2025-02-11,Sp,,,,,7,29,,,,,,,,,,,,,,,,,,
Willamette Falls,2025-02-12,Sp,,,,,6,33,,,,,,,,,,,,,,,,,,
Willamette Falls,2025-02-13,Sp,,,,,5,36,,,,,,,,,,,,,,,,,,
Willamette Falls,2025-02-14,Sp,,,,,,52,,,,,,,,,,,,,,,,,,
Willamette Falls,2025-02-15,Sp,,,,,1,38,,,,,,,,,,,,,,,,,,
Willamette Falls,2025-02-16,Sp,,,,,4,46,,,,,,,,,,,,,,,,,,
Willamette Falls,2025-02-17,Sp,,,,,23,45,,,,,,,,,,,,,,,,,,
Willamette Falls,2025-02-18,Sp,,,,,96,41,,,,,,,,,,,,,,,,,,
Willamette Falls,2025-02-19,Sp,,,,,208,42,,,,,,,,,,,,,,,,,,
Willamette Falls,2025-02-20,Sp,,,,,136,38,,,,,,,,,,,,,,,,,,
Willamette Falls,2025-02-21,Sp,,,,,82,33,,,,,,,,,,,,,,,,,,
Willamette Falls,2025-02-22,Sp,,,,,79,31,,,,,,,,,,,,,,,,,,
Willamette Falls,2025-02-23,Sp,,,,,119,33,,,,,,,,,,,,,,,,,,
Willamette Falls,2025-02-24,Sp,,,,,12,34,,,,,,,,,,,,,,,,,,
Willamette Falls,2025-02-25,Sp,,,,,,34,,,,,,,,,,,,,,,,,,
Willamette Falls,2025-02-26,Sp,,,,,1,34,,,,,,,,,,,,,,,,,,
Willamette Falls,2025-02-27,Sp,,,,,-2,33,,,,,,,,,,,,,,,,,,
Willamette Falls,2025-02-28,Sp,,,,,28,30,,,,,,,,,,,,,,,,,,
Willamette Falls,2025-02-29,,,,,,,76,,,,,,,,,,,,,,,,,,
Willamette Falls,2025-03-01,Sp,,,,,59,21,,,,,,,,,,,,,,,,,,
Willamette Falls,2025-03-02,Sp,,,,,68,21,,,,,,,,,,,,,,,,,,
Willamette Falls,2025-03-03,Sp,,,,,83,25,,,,,,,,,,,,,,,,,,
Willamette Falls,2025-03-04,Sp,,,,,58,30,,,,,,,,,,,,,,,,,,
Willamette Falls,2025-03-05,Sp,,,,,43,27,,,,,,,,,,,,,,,,,,
Willamette Falls,2025-03-06,Sp,,1,,,30,38,,,,,,,,,,,,,,,,,,
Willamette Falls,2025-03-07,Sp,,,,,33,52,,,,,,,,,,,,,,,,,,
Willamette Falls,2025-03-08,Sp,,1,,,52,50,,,,,,,,,,,,,,,,,,
Willamette Falls,2025-03-09,Sp,,1,,,95,54,,,,,,,,,,,,,,,,,,
Willamette Falls,2025-03-10,Sp,,,,,105,47,,,,,,,,,,,,,,,,,,
Willamette Falls,2025-03-11,Sp,,1,,,83,43,,,,,,,,,,,,,,,,,,
Willamette Falls,2025-03-12,Sp,,,,,33,44,,,,,,,,,,,,,,,,,,
Willamette Falls,2025-03-13,Sp,,1,,,32,57,,,,,,,,,,,,,,,,,,
Willamette Falls,2025-03-14,Sp,,1,,,54,54,,,,,,,,,,,,,,,,,,
Willamette Falls,2025-03-15,Sp,,1,,,31,54,,,,,,,,,,,,,,,,,,
Willamette Falls,2025-03-16,Sp,,,,,21,62,,,,,,,,,,,,,,,,,,
Willamette Falls,2025-03-17,Sp,,,,,3,67,,,,,,,,,,,,,,,,,,
Willamette Falls,2025-03-18,Sp,,,,,2,68,,,,,,,,,,,,,,,,,,
Willamette Falls,2025-03-19,Sp,,1,,,4,61,,,,,,,,,,,,,,,,,,
Willamette Falls,2025-03-20,Sp,,1,,,32,61,,,,,,,,,,,,,,,,,,
Willamette Falls,2025-03-21,Sp,,1,,,27,65,,,,,,,,,,,,,,,,,,
Willamette Falls,2025-03-22,Sp,,2,,,4,64,,,,,,,,,,,,,,,,,,
Willamette Falls,2025-03-23,Sp,,3,,,,48,,,,,,,,,,,,,,,,,,
Willamette Falls,2025-03-24,Sp,,2,,,34,39,,,,,,,,,,,,,,,,,,
Willamette Falls,2025-03-25,Sp,,2,,,103,43,,,,,,,,,,,,,,,,,,
Willamette Falls,2025-03-26,Sp,,3,,,131,42,,,,,,,,,,,,,,,,,,
Willamette Falls,2025-03-27,Sp,,5,,,114,38,,,,,,,,,,,,,,,,,,
Willamette Falls,2025-03-28,Sp,,4,,,111,35,,,,,,,,,,,,,,,,,,
Willamette Falls,2025-03-29,Sp,,5,,,50,35,,,,,,,,,,,,,,,,,,
Willamette Falls,2025-03-30,Sp,,12,,,46,34,,,,,,,,,,,,,,,,,,
Willamette Falls,2025-03-31,Sp,,13,,,47,45,,,,,,,,,,,,,,,,,,
Willamette Falls,2025-04-01,Sp,,17,,,37,34,,,,,,,,,,,,,,,,,,
Willamette Falls,2025-04-02,Sp,,16,,,52,40,,,,,,,,,,,,,,,,,,
Willamette Falls,2025-04-03,Sp,,13,,,53,39,,,,,,,,,,,,,,,,,,
Willamette Falls,2025-04-04,Sp,2,19,,,104,41,,,,,,,,,,,,,,,,,,
Willamette Falls,2025-04-05,Sp,6,10,1,,91,32,,,,,,,,,,,,,,,,,,
Willamette Falls,2025-04-06,Sp,15,13,,,128,29,,,,,,,,,,,,,,,,,,
Willamette Falls,2025-04-07,Sp,24,13,,,83,31,,,,,,,,,,,,,,,,,,
Willamette Falls,2025-04-08,Sp,22,18,3,,95,34,,,,,,,,,,,,,,,,,,
Willamette Falls,2025-04-09,Sp,15,24,1,,91,27,,,,,,,,,,,,,,,,,,
Willamette Falls,2025-04-10,Sp,11,53,,,80,26,,,,,,,,,,,,,,,,,,
Willamette Falls,2025-04-11,Sp,16,75,,,72,31,,,,,,,,,,,,,,,,,,
Willamette Falls,2025-04-12,Sp,5,63,1,1,40,23,,,,,,,,,,,,,,,,,,
Willamette Falls,2025-04-13,Sp,44,58,4,1,54,20,,,,,,,,,,,,,,,,,,
Willamette Falls,2025-04-14,Sp,63,56,2,,66,27,,,,,,,,,,,,,,,,,,
Willamette Falls,2025-04-15,Sp,92,60,13,,67,29,,,,,,,,,,,,,,,,,,
Willamette Falls,2025-04-16,Sp,171,42,1,,54,29,,,,,,,,,,,,,,,,,,
Willamette Falls,2025-04-17,Sp,257,85,6,1,63,30,,,,,,,,,,,,,,,,,,
Willamette Falls,2025-04-18,Sp,274,124,9,3,72,44,,,,,,,,,,,,,,,,,,
Willamette Falls,2025-04-19,Sp,222,398,3,7,55,54,,,,,,,,,,,,,,,,,,
Willamette Falls,2025-04-20,Sp,265,365,2,9,45,56,,,,,,,,,,,,,,,,,,
Willamette Falls,2025-04-21,Sp,323,249,4,9,43,44,,,,,,,,,,,,,,,,,,
Willamette Falls,2025-04-22,Sp,207,297,5,3,16,49,,,,,,,,,,,,,,,,,,
Willamette Falls,2025-04-23,Sp,242,268,6,5,41,50,,,,,,,,,,,,,,,,,,
Willamette Falls,2025-04-24,Sp,352,244,4,7,64,46,,,,,,,,,,,,,,,,,,
Willamette Falls,2025-04-25,Sp,267,228,7,6,50,49,,,,,,,,,,,,,,,,,,
Willamette Falls,2025-04-26,Sp,246,265,3,7,40,47,,,,,,,,,,,,,,,,,,
Willamette Falls,2025-04-27,Sp,379,357,,15,30,48,,,,,,,,,,,,,,,,,,
Willamette Falls,2025-04-28,Sp,401,297,3,10,28,47,,,,,,,,,,,,,,,,,,
Willamette Falls,2025-04-29,Sp,370,296,4,12,36,36,,,,,,,,,,,,,,,,,,
Willamette Falls,2025-04-30,Sp,293,536,2,16,43,46,,,,,,,,,,,,,,,,,,
Willamette Falls,2025-05-01,Sp,236,312,4,10,29,40,,,,,,,,,,,,,,,,,,
Willamette Falls,2025-05-02,Sp,297,419,2,16,34,67,,,,,,,,,,,,,,,,,,
Willamette Falls,2025-05-03,Sp,347,429,4,18,23,68,,,,,,,,,,,,,,,,,,
Willamette Falls,2025-05-04,Sp,466,458,17,18,27,68,,,,,,,,,,,,,,,,,,
Willamette Falls,2025-05-05,Sp,357,552,13,21,41,49,,,,,,,,,,,,,,,,,,
Willamette Falls,2025-05-06,Sp,452,603,12,21,50,51,,,,,,,,,,,,,,,,,,
Willamette Falls,2025-05-07,Sp,383,424,13,22,37,47,,,,,,,,,,,,,,,,,,
Willamette Falls,2025-05-08,Sp,357,446,19,19,42,56,,,,,,,,,,,,,,,,,,
Willamette Falls,2025-05-09,Sp,516,375,4,19,47,53,,,,,,,,,,,,,,,,,,
Willamette Falls,2025-05-10,Sp,509,421,11,22,40,80,,,,,,,,,,,,,,,,,,
Willamette Falls,2025-05-11,Sp,460,434,14,21,49,74,,,,,,,,,,,,,,,,,,
Willamette Falls,2025-05-12,Sp,209,452,3,17,34,85,,,,,,,,,,,,,,,,,,
Willamette Falls,2025-05-13,Sp,198,505,10,22,27,99,,,,,,,,,,,,,,,,,,
Willamette Falls,2025-05-14,Sp,285,428,9,21,29,114,,,,,,,,,,,,,,,,,,
Willamette Falls,2025-05-15,Sp,169,464,10,28,27,96,,,,,,,,,,,,,,,,,,
Willamette Falls,2025-05-16,Sp,231,218,11,14,41,77,,,,,,,,,,,,,,,,,,
Willamette Falls,2025-05-17,Sp,285,250,4,15,45,78,,,,,,,,,,,,,,,,,,
Willamette Falls,2025-05-18,Sp,221,215,3,11,49,85,,,,,,,,,,,,,,,,,,
Willamette Falls,2025-05-19,Sp,206,286,8,13,31,86,,,,,,,,,,,,,,,,,,
Willamette Falls,2025-05-20,Sp,175,323,4,16,50,86,,,,,,,,,,,,,,,,,,
Willamette Falls,2025-05-21,Sp,268,504,13,26,49,87,,,,,,,,,,,,,,,,,,
Willamette Falls,2025-05-22,Sp,358,737,2,34,52,92,,,,,,,,,,,,,,,,,,
Willamette Falls,2025-05-23,Sp,419,610,22,34,45,97,,,,,,,,,,,,,,,,,,
Willamette Falls,2025-05-24,Sp,402,568,18,34,52,87,,,,,,,,,,,,,,,,,,
Willamette Falls,2025-05-25,Sp,533,461,27,24,49,77,,,,,,,,,,,,,,,,,,
Willamette Falls,2025-05-26,Sp,440,462,13,36,45,82,,,,,,,,,,,,,,,,,,
Willamette Falls,2025-05-27,Sp,363,442,10,33,34,88,,,,,,,,,,,,,,,,,,
Willamette Falls,2025-05-28,Sp,334,338,15,31,29,73,,,,,,,,,,,,,,,,,,
Willamette Falls,2025-05-29,Sp,299,340,15,21,56,85,,,,,,,,,,,,,,,,,,
Willamette Falls,2025-05-30,Sp,410,327,20,26,39,86,,,,,,,,,,,,,,,,,,
Willamette Falls,2025-05-31,Sp,451,314,26,22,36,84,,,,,,,,,,,,,,,,,,
Willamette Falls,2025-06-01,Sp,415,332,4,22,38,99,,,,,,,,,,,,,,,,,,
Willamette Falls,2025-06-02,Sp,354,279,13,20,60,95,,,,,,,,,,,,,,,,,,
Willamette Falls,2025-06-03,Sp,376,343,14,19,55,100,,,,,,,,,,,,,,,,,,
Willamette Falls,2025-06-04,Sp,481,379,15,24,73,82,,,,,,,,,,,,,,,,,,
Willamette Falls,2025-06-05,Sp,468,296,10,26,36,77,,,,,,,,,,,,,,,,,,
Willamette Falls,2025-06-06,Sp,683,294,26,15,34,95,,,,,,,,,,,,,,,,,,
Willamette Falls,2025-06-07,Sp,485,250,11,17,28,96,,,,,,,,,,,,,,,,,,
Willamette Falls,2025-06-08,Sp,410,272,2,14,29,77,,,,,,,,,,,,,,,,,,
Willamette Falls,2025-06-09,Sp,379,215,5,16,39,74,,,,,,,,,,,,,,,,,,
Willamette Falls,2025-06-10,Sp,331,207,1,15,23,70,,,,,,,,,,,,,,,,,,
Willamette Falls,2025-06-11,Sp,322,166,4,13,14,81,,,,,,,,,,,,,,,,,,
Willamette Falls,2025-06-12,Sp,274,196,3,12,16,89,,,,,,,,,,,,,,,,,,
Willamette Falls,2025-06-13,Sp,158,237,4,15,19,83,,,,,,,,,,,,,,,,,,
Willamette Falls,2025-06-14,Sp,109,279,2,17,8,98,,,,,,,,,,,,,,,,,,
Willamette Falls,2025-06-15,Sp,205,301,1,17,14,121,,,,,,,,,,,,,,,,,,
Willamette Falls,2025-06-16,Sp,257,308,4,18,40,116,,,,,,,,,,,,,,,,,,
Willamette Falls,2025-06-17,Sp,225,329,3,18,51,115,,,,,,,,,,,,,,,,,,
Willamette Falls,2025-06-18,Sp,273,356,3,20,45,116,,,,,,,,,,,,,,,,,,
Willamette Falls,2025-06-19,Sp,299,347,4,22,48,129,,,,,,,,,,,,,,,,,,
Willamette Falls,2025-06-20,Sp,386,382,11,19,58,146,,,,,,,,,,,,,,,,,,
Willamette Falls,2025-06-21,Sp,491,432,25,19,52,138,,,,,,,,,,,,,,,,,,
Willamette Falls,2025-06-22,Sp,710,381,23,14,99,128,,,,,,,,,,,,,,,,,,
Willamette Falls,2025-06-23,Sp,619,457,28,17,118,110,,,,,,,,,,,,,,,,,,
Willamette Falls,2025-06-24,Sp,613,453,7,21,81,90,,,,,,,,,,,,,,,,,,
Willamette Falls,2025-06-25,Sp,611,442,13,20,61,95,,,,,,,,,,,,,,,,,,
Willamette Falls,2025-06-26,Sp,657,337,4,22,92,77,,,,,,,,,,,,,,,,,,
Willamette Falls,2025-06-27,Sp,610,282,9,17,83,78,,,,,,,,,,,,,,,,,,
Willamette Falls,2025-06-28,Sp,350,264,3,16,62,78,,,,,,,,,,,,,,,,,,
Willamette Falls,2025-06-29,Sp,386,236,6,13,84,82,,,,,,,,,,,,,,,,,,
Willamette Falls,2025-06-30,Sp,331,216,3,16,59,92,,,,,,,,,,,,,,,,,,
Willamette Falls,2025-07-01,Sp,371,191,9,12,64,78,,,,,,,,,,,,,,,,,,
Willamette Falls,2025-07-02,Sp,392,198,,9,59,81,,,,,,,,,,,,,,,,,,
Willamette Falls,2025-07-03,Sp,261,221,3,9,37,92,,,,,,,,,,,,,,,,,,
Willamette Falls,2025-07-04,Sp,233,161,6,8,36,82,,,,,,,,,,,,,,,,,,
Willamette Falls,2025-07-05,Sp,196,170,3,11,10,73,,,,,,,,,,,,,,,,,,
Willamette Falls,2025-07-06,Sp,134,189,2,10,13,74,,,,,,,,,,,,,,,,,,
Willamette Falls,2025-07-07,Sp,161,220,1,9,12,72,,,,,,,,,,,,,,,,,,
Willamette Falls,2025-07-08,Sp,209,167,3,7,15,62,,,,,,,,,,,,,,,,,,
Willamette Falls,2025-07-09,Sp,153,165,28,9,26,70,,,,,,,,,,,,,,,,,,
Willamette Falls,2025-07-10,Sp,86,158,2,15,21,55,,,,,,,,,,,,,,,,,,
Willamette Falls,2025-07-11,Sp,42,157,1,13,6,50,,,,,,,,,,,,,,,,,,
Willamette Falls,2025-07-12,Sp,118,156,5,10,8,49,,,,,,,,,,,,,,,,,,
Willamette Falls,2025-07-13,Sp,68,133,,8,9,32,,,,,,,,,,,,,,,,,,
Willamette Falls,2025-07-14,Sp,39,110,,10,2,38,,,,,,,,,,,,,,,,,,
Willamette Falls,2025-07-15,Sp,39,110,2,9,2,49,,,,,,,,,,,,,,,,,,
Willamette Falls,2025-07-16,Sp,26,78,1,8,1,33,,,,,,,,,,,,,,,,,,
Willamette Falls,2025-07-17,Sp,1,60,1,5,,24,,,,,,,,,,,,,,,,,,
Willamette Falls,2025-07-18,Sp,1,48,1,6,1,24,,,,,,,,,,,,,,,,,,
Willamette Falls,2025-07-19,Sp,1,50,,6,,21,,,,,,,,,,,,,,,,,,
Willamette Falls,2025-07-20,Sp,2,33,,4,,17,,,,,,,,,,,,,,,,,,
Willamette Falls,2025-07-21,Sp,3,44,,4,,17,,,,,,,,,,,,,,,,,,
Willamette Falls,2025-07-22,Sp,4,47,,5,,16,,,,,,,,,,,,,,,,,,
Willamette Falls,2025-07-23,Sp,7,38,,3,,11,,,,,,,,,,,,,,,,,,
Willamette Falls,2025-07-24,Sp,32,39,2,4,1,20,,,,,,,,,,,,,,,,,,
Willamette Falls,2025-07-25,Sp,26,38,,3,,13,,,,,,,,,,,,,,,,,,
Willamette Falls,2025-07-26,Sp,43,26,3,3,4,8,,,,,,,,,,,,,,,,,,
Willamette Falls,2025-07-27,Sp,56,45,1,3,4,10,,,,,,,,,,,,,,,,,,
Willamette Falls,2025-07-28,Sp,60,46,8,3,11,8,,,,,,,,,,,,,,,,,,
Willamette Falls,2025-07-29,Sp,81,49,3,3,7,9,,,,,,,,,,,,,,,,,,
Willamette Falls,2025-07-30,Sp,88,21,,4,4,7,,,,,,,,,,,,,,,,,,
Willamette Falls,2025-07-31,Sp,51,17,1,1,2,4,,,,,,,,,,,,,,,,,,
Willamette Falls,2025-08-01,Sp,65,20,4,1,5,6,,,,,,,,,,,,,,,,,,
Willamette Falls,2025-08-02,Sp,86,25,2,2,14,4,,,,,4,,,,,,,,,,,,,
Willamette Falls,2025-08-03,Sp,82,20,9,1,6,3,,,,,2,,,,,,,,,,,,,
Willamette Falls,2025-08-04,Sp,61,12,1,4,6,4,,,,,1,,,,,,,,,,,,,
Willamette Falls,2025-08-05,Sp,61,7,2,2,10,1,,,,,4,,,,,,,,,,,,,
Willamette Falls,2025-08-06,Sp,73,7,1,1,15,2,,,,,6,,,,,,,,,,,,,
Willamette Falls,2025-08-07,Sp,62,6,11,1,11,3,,,,,9,,,,,,,,,,,,,
Willamette Falls,2025-08-08,Sp,156,7,4,2,18,3,,,,,13,,1,,,,,,,,,,,
Willamette Falls,2025-08-09,Sp,180,10,8,2,27,4,,,,,18,,7,,,,,,,,,,,
Willamette Falls,2025-08-10,Sp,116,12,4,2,42,3,,,,,53,,4,,,,,,,,,,,
Willamette Falls,2025-08-11,Sp,151,12,5,2,41,4,,,,,71,,2,,,,,,,,,,,
Willamette Falls,2025-08-12,Sp,116,23,24,3,21,5,,,,,45,,,,,,,,,,,,,
Willamette Falls,2025-08-13,Sp,94,17,5,1,16,6,,,,,32,,6,,,,,,,,,,,
Willamette Falls,2025-08-14,Sp,45,17,13,3,16,5,,,,,15,,1,,,,,,,,,,,
Willamette Falls,2025-08-15,Sp,13,14,3,2,4,4,,,,,4,,,,,,,,,,,,,
Willamette Falls,2025-08-16,Fa,10,20,,4,1,4,,,,,,,,,,,,,,,,,,
Willamette Falls,2025-08-17,Fa,12,18,2,3,1,4,,,,,2,,,,,,,,,,,,,
Willamette Falls,2025-08-18,Fa,1,21,,3,1,4,,,,,,,,,,,,,,,,,,
Willamette Falls,2025-08-19,Fa,18,16,4,2,4,6,,,,,2,,1,,,,,,,,,,,
Willamette Falls,2025-08-20,Fa,37,20,3,3,5,5,,,,,6,1,1,,,,,,,,,,,
Willamette Falls,2025-08-21,Fa,33,17,1,2,14,4,,,,,12,,5,,,,,,,,,,,
Willamette Falls,2025-08-22,Fa,45,16,4,2,17,4,,,,,18,1,1,,,,,,,,,,,
Willamette Falls,2025-08-23,Fa,39,20,5,2,11,4,,,,,34,1,,,,,,,,,,,,
Willamette Falls,2025-08-24,Fa,71,36,4,3,10,5,,,,,47,,1,,,,,,,,,,,
Willamette Falls,2025-08-25,Fa,23,52,5,3,10,5,,,,,44,1,2,,,,,,,,,,,
Willamette Falls,2025-08-26,Fa,27,39,4,4,5,9,,,,,29,1,4,,,,,,,,,,,
Willamette Falls,2025-08-27,Fa,24,34,5,5,3,8,,,,,16,2,,,,,,,,,,,,
Willamette Falls,2025-08-28,Fa,19,34,4,2,2,7,,,,,22,1,1,1,,,,,,,,,,
Willamette Falls,2025-08-29,Fa,29,46,7,6,2,10,,,,,9,5,4,2,,,,,,,,,,
Willamette Falls,2025-08-30,Fa,15,45,6,6,1,12,,,,,8,4,8,2,,,,,,,,,,
Willamette Falls,2025-08-31,Fa,20,33,7,3,2,11,,,,,6,4,5,3,,,,,,,,,,
Willamette Falls,2025-09-01,Fa,45,36,3,6,3,15,,,,,34,6,,2,,,,,,,,,,
Willamette Falls,2025-09-02,Fa,44,30,3,6,6,16,,,,,66,11,2,2,,,,,,,,,,
Willamette Falls,2025-09-03,Fa,30,37,3,10,4,18,,,,,26,9,5,3,,,,,,,,,,
Willamette Falls,2025-09-04,Fa,34,50,5,12,1,21,,,,,16,7,1,4,,,,,,,,,,
Willamette Falls,2025-09-05,Fa,37,30,10,5,6,11,,,,,14,18,1,6,,,,,,,,,,
Willamette Falls,2025-09-06,Fa,25,33,8,8,7,9,,,,,20,29,10,9,,,,,,,,,,
Willamette Falls,2025-09-07,Fa,40,36,4,5,8,12,,,,,22,71,15,15,,,,,,,,,,
Willamette Falls,2025-09-08,Fa,39,27,17,6,3,7,,,,,56,114,10,24,,,,,,,,,,
Willamette Falls,2025-09-09,Fa,28,38,1,8,6,16,,,,,87,105,17,35,,,,,,,,,,
Willamette Falls,2025-09-10,Fa,33,62,5,11,6,8,,,,,183,87,13,29,,,,,,,,,,
Willamette Falls,2025-09-11,Fa,20,30,2,7,4,7,,,,,142,144,25,52,,,,,,,,,,
Willamette Falls,2025-09-12,Fa,44,30,5,7,4,9,,,,,135,126,25,54,,,,,,,,,,
Willamette Falls,2025-09-13,Fa,31,37,10,7,10,8,,,,,136,170,37,54,,,,,,,,,,
Willamette Falls,2025-09-14,Fa,45,63,1,13,5,9,,,,,125,197,39,63,,,,,,,,,,
Willamette Falls,2025-09-15,Fa,43,65,4,12,8,5,,,,,161,215,47,64,,,,,,,,,,
Willamette Falls,2025-09-16,Fa,47,46,6,10,10,7,,,,,194,386,60,91,,,,,,,,,,
Willamette Falls,2025-09-17,Fa,36,40,3,7,20,6,,,,,240,409,102,121,,,,,,,,,,
Willamette Falls,2025-09-18,Fa,33,56,1,9,8,10,,,,,301,391,109,130,,,,,,,,,,
Willamette Falls,2025-09-19,Fa,19,73,1,10,8,12,,,,,451,392,153,126,,,,,,,,,,
Willamette Falls,2025-09-20,Fa,14,37,1,9,7,10,,,,,446,461,142,147,,,,,,,,,,
Willamette Falls,2025-09-21,Fa,9,65,2,15,9,8,,,,,544,532,177,179,,,,,,,,,,
Willamette Falls,2025-09-22,Fa,10,57,,9,5,6,,,,,827,548,207,202,,,,,,,,,,
Willamette Falls,2025-09-23,Fa,29,57,1,11,5,5,,,,,806,556,206,173,,,,,,,,,,
Willamette Falls,2025-09-24,Fa,4,55,,14,11,6,,,,,856,481,195,151,,,,,,,,,,
Willamette Falls,2025-09-25,Fa,1,50,2,8,14,3,,,,,662,411,183,144,,,,,,,,,,
Willamette Falls,2025-09-26,Fa,9,46,,8,3,4,,,,,704,601,181,160,,,,,,,,,,
Willamette Falls,2025-09-27,Fa,3,35,,6,3,3,,,,,865,567,197,143,,,,,,,,,,
Willamette Falls,2025-09-28,Fa,6,50,,11,7,4,,,,,723,558,178,149,,,,,,,,,,
Willamette Falls,2025-09-29,Fa,3,47,,10,7,4,,,,,496,521,139,122,,,,,,,,,,
Willamette Falls,2025-09-30,Fa,2,39,,7,2,4,,,,,482,491,117,113,,,,,,,,,,
Willamette Falls,2025-10-01,Fa,3,34,,7,9,5,,,,,586,421,159,103,,,,,,,,,,
Willamette Falls,2025-10-02,Fa,6,32,,6,10,5,,,,,511,446,131,122,,,,,,,,,,
Willamette Falls,2025-10-03,Fa,5,27,,5,6,3,,,,,686,388,110,98,,,,,,,,,,
Willamette Falls,2025-10-04,Fa,2,31,,9,6,3,,,,,757,350,152,104,,,,,,,,,,
Willamette Falls,2025-10-05,Fa,8,31,,8,4,2,,,,,1042,268,102,91,,,,,,,,,,
Willamette Falls,2025-10-06,Fa,3,134,,40,3,12,,,,,1182,536,131,168,,,,,,,,,,
Willamette Falls,2025-10-07,Fa,2,92,,32,5,11,,,,,738,462,83,136,,,,,,,,,,
Willamette Falls,2025-10-08,Fa,1,39,,12,,8,,,,,488,286,72,86,,,,,,,,,,
Willamette Falls,2025-10-09,Fa,2,23,1,5,3,6,,,,,384,225,48,78,,,,,,,,,,
Willamette Falls,2025-10-10,Fa,1,19,,4,2,5,,,,,358,251,36,86,,,,,,,,,,
Willamette Falls,2025-10-11,Fa,1,15,,2,2,5,,,,,353,220,50,75,,,,,,,,,,
Willamette Falls,2025-10-12,Fa,5,19,1,4,2,4,,,,,340,273,33,75,,,,,,,,,,
Willamette Falls,2025-10-13,Fa,9,33,,7,11,8,,,,,407,229,49,71,,,,,,,,,,
Willamette Falls,2025-10-14,Fa,5,31,1,9,4,7,,,,,380,200,56,50,,,,,,,,,,
Willamette Falls,2025-10-15,Fa,3,12,,3,3,3,,,,,292,165,32,41,,,,,,,,,,
Willamette Falls,2025-10-16,Fa,2,10,,1,4,3,,,,,275,125,49,25,,,,,,,,,,
Willamette Falls,2025-10-17,Fa,,8,,3,7,5,,,,,249,112,26,21,,,,,,,,,,
Willamette Falls,2025-10-18,Fa,2,9,,2,7,1,,,,,226,104,28,16,,,,,,,,,,
Willamette Falls,2025-10-19,Fa,1,8,,1,13,3,,,,,187,116,18,24,,,,,,,,,,
Willamette Falls,2025-10-20,Fa,3,9,,1,5,2,,,,,206,117,34,19,,,,,,,,,,
Willamette Falls,2025-10-21,Fa,1,10,2,2,1,5,,,,,168,112,18,21,,,,,,,,,,
Willamette Falls,2025-10-22,Fa,2,16,,4,6,3,,,,,139,140,16,27,,,,,,,,,,
Willamette Falls,2025-10-23,Fa,,4,,1,7,2,,,,,133,95,11,16,,,,,,,,,,
Willamette Falls,2025-10-24,Fa,2,3,,2,6,2,,,,,98,91,7,16,,,,,,,,,,
Willamette Falls,2025-10-25,Fa,3,9,,2,5,4,,,,,126,95,7,26,,,,,,,,,,
Willamette Falls,2025-10-26,Fa,1,3,,1,9,2,,,,,256,59,12,17,,,,,,,,,,
Willamette Falls,2025-10-27,Fa,2,3,,1,8,1,,,,,294,48,42,17,,,,,,,,,,
Willamette Falls,2025-10-28,Fa,1,2,,,4,1,,,,,254,38,33,19,,,,,,,,,,
Willamette Falls,2025-10-29,Fa,,3,,,6,2,,,,,172,51,20,17,,,,,,,,,,
Willamette Falls,2025-10-30,Fa,,2,,,3,3,,,,,105,63,31,7,,,,,,,,,,
Willamette Falls,2025-10-31,Fa,1,1,,1,2,2,,,,,59,42,13,7,,,,,,,,,,
Willamette Falls,2025-11-01,Fa,1,1,,,2,2,,,,,71,34,13,8,,,,,,,,,,
Willamette Falls,2025-11-02,Fa,,1,,,5,2,,,,,106,45,8,10,,,,,,,,,,
Willamette Falls,2025-11-03,Fa,,,,,2,3,,,,,69,41,14,8,,,,,,,,,,
Willamette Falls,2025-11-04,Fa,,,,,,3,,,,,51,54,14,8,,,,,,,,,,
Willamette Falls,2025-11-05,Fa,,,,,2,2,,,,,43,63,1,9,,,,,,,,,,
Willamette Falls,2025-11-06,Fa,,1,,,3,2,,,,,54,59,8,13,,,,,,,,,,
Willamette Falls,2025-11-07,Fa,,,,,2,4,,,,,52,41,5,8,,,,,,,,,,
Willamette Falls,2025-11-08,Fa,,,,,2,2,,,,,27,25,2,7,,,,,,,,,,
Willamette Falls,2025-11-09,Fa,,,,,5,2,,,,,37,23,15,3,,,,,,,,,,
Willamette Falls,2025-11-10,Fa,,,,,4,2,,,,,26,14,7,2,,,,,,,,,,
Willamette Falls,2025-11-11,Fa,,,,,3,3,,,,,12,8,4,2,,,,,,,,,,
Willamette Falls,2025-11-12,Fa,,,,,4,3,,,,,13,19,4,3,,,,,,,,,,
Willamette Falls,2025-11-13,Fa,1,,,,4,1,,,,,9,13,1,4,,,,,,,,,,
Willamette Falls,2025-11-14,Fa,,,,,3,1,,,,,19,25,5,8,,,,,,,,,,
Willamette Falls,2025-11-15,Fa,,,,,5,2,,,,,23,28,4,5,,,,,,,,,,
Willamette Falls,2025-11-16,Fa,,,,,7,1,,,,,8,23,4,6,,,,,,,,,,
Willamette Falls,2025-11-17,Fa,1,,,,5,2,,,,,7,21,5,5,,,,,,,,,,
Willamette Falls,2025-11-18,Fa,,,,,5,3,,,,,7,24,4,4,,,,,,,,,,
Willamette Falls,2025-11-19,Fa,,,,,10,1,,,,,3,14,,3,,,,,,,,,,
Willamette Falls,2025-11-20,Fa,,,,,7,1,,,,,4,8,-1,4,,,,,,,,,,
Willamette Falls,2025-11-21,Fa,,,,,4,3,,,,,7,9,,2,,,,,,,,,,
Willamette Falls,2025-11-22,Fa,,,,,5,2,,,,,3,8,,3,,,,,,,,,,
Willamette Falls,2025-11-23,Fa,,,,,4,2,,,,,4,5,,2,,,,,,,,,,
Willamette Falls,2025-11-24,Fa,,,,,11,2,,,,,,5,,2,,,,,,,,,,
Willamette Falls,2025-11-25,Fa,,,,,6,3,,,,,2,4,2,1,,,,,,,,,,
Willamette Falls,2025-11-26,Fa,,,,,13,3,,,,,4,5,1,1,,,,,,,,,,
Willamette Falls,2025-11-27,Fa,,,,,17,3,,,,,8,4,1,1,,,,,,,,,,
Willamette Falls,2025-11-28,Fa,,,,,19,3,,,,,4,18,4,3,,,,,,,,,,
Willamette Falls,2025-11-29,Fa,,,,,19,4,,,,,4,15,1,5,,,,,,,,,,
Willamette Falls,2025-11-30,Fa,,,,,22,3,,,,,8,7,,3,,,,,,,,,,
Willamette Falls,2025-12-01,Fa,,,,,13,3,,,,,,3,1,1,,,,,,,,,,
Willamette Falls,2025-12-02,Fa,,,,,15,3,,,,,3,2,,1,,,,,,,,,,
Willamette Falls,2025-12-03,Fa,,,,,12,2,,,,,2,3,,1,,,,,,,,,,
Willamette Falls,2025-12-04,Fa,,,,,7,2,,,,,,3,,1,,,,,,,,,,
Willamette Falls,2025-12-05,Fa,,,,,10,1,,,,,-1,1,2,,,,,,,,,,,
Willamette Falls,2025-12-06,Fa,,,,,31,3,,,,,5,2,4,,,,,,,,,,,
Willamette Falls,2025-12-07,Fa,,,,,22,2,,,,,1,2,1,,,,,,,,,,,
Willamette Falls,2025-12-08,Fa,,,,,18,3,,,,,9,1,,,,,,,,,,,,
Willamette Falls,2025-12-09,Fa,,,,,9,3,,,,,5,1,1,,,,,,,,,,,
Willamette Falls,2025-12-10,Fa,,,,,,4,,,,,,2,,,,,,,,,,,,
Willamette Falls,2025-12-11,Fa,,,,,,6,,,,,-1,1,,,,,,,,,,,,
Willamette Falls,2025-12-12,Fa,,,,,4,3,,,,,-1,3,,2,,,,,,,,,,
Willamette Falls,2025-12-13,Fa,,,,,11,4,,,,,,6,,2,,,,,,,,,,
Willamette Falls,2025-12-14,Fa,,,,,33,4,,,,,1,3,,1,,,,,,,,,,
Willamette Falls,2025-12-15,Fa,,,,,44,4,,,,,2,3,,1,,,,,,,,,,
Willamette Falls,2025-12-16,Fa,,,,,44,6,,,,,5,3,1,1,,,,,,,,,,
Willamette Falls,2025-12-17,Fa,,,,,43,7,,,,,,4,,1,,,,,,,,,,
Willamette Falls,2025-12-18,Fa,,,,,21,7,,,,,,5,,1,,,,,,,,,,
Willamette Falls,2025-12-19,Fa,,,,,1,6,,,,,,3,,1,,,,,,,,,,
Willamette Falls,2025-12-20,Fa,,,,,1,7,,,,,,3,,2,,,,,,,,,,
Willamette Falls,2025-12-21,Fa,,,,,,8,,,,,,8,,1,,,,,,,,,,
Willamette Falls,2025-12-22,Fa,,,,,,6,,,,,,4,,1,,,,,,,,,,
Willamette Falls,2025-12-23,Fa,,,,,2,5,,,,,,4,,1,,,,,,,,,,
Willamette Falls,2025-12-24,Fa,,,,,1,10,,,,,,3,,1,,,,,,,,,,
Willamette Falls,2025-12-25,Fa,,,,,3,8,,,,,,3,,1,,,,,,,,,,
Willamette Falls,2025-12-26,Fa,,,,,25,6,,,,,,1,,,,,,,,,,,,
Willamette Falls,2025-12-27,Fa,,,,,34,4,,,,,,1,,,,,,,,,,,,
Willamette Falls,2025-12-28,Fa,,,,,52,6,,,,,,1,,,,,,,,,,,,
Willamette Falls,2025-12-29,Fa,,,,,83,6,,,,,,,,,,,,,,,,,,
Willamette Falls,2025-12-30,,,,,,,8,,,,,,1,,1,,,,,,,,,,
Willamette Falls,2025-12-31,,,,,,,7,,,,,,,,,,,,,,,,,,
Notes:
Columbia River DART
2025 Adult Passage Daily Counts at Willamette Falls
with 10 Year Daily Averages (2015 - 2024)
2025-01-01 to 2025-12-31
Generated 22 Jan 2026 18:43:21 PST. DART Adult Passage Daily Counts www.cbr.washington.edu/dart/query/adult_daily.
Data Courtesy of Oregon Department of Fish & Wildlife.
Willamette Falls Video Counting: Fish counting through Willamette Falls fishway occurs at the main 
viewing window. Video cameras and time lapsed video recorders are used to record fish passage 24 hrs/day; 365 days/
year. The ODFW schedule for reviewing the tapes is Monday through Friday. It takes most of the day to accurately 
review one day of fish passage on tape when the counts are high.
Temperature (TempC) is reported in degrees Celsius. Source of temperature  data varies by project. At most projects; it is scrollcase or water quality temperature data. At Wells; it is the Fishway Attraction Flow temperature which is pumped from tailrace.
Calculating the 10 year averages: The ten year averages are calculated by DART for each calendar 
day of data at each project. For the current year and any given project/month/day; the data is summed from the 
previous 10 years and divided by the number of non-null data points available during that 10 year span.
Steelhead Counts: The Steelhead parameter includes both hatchery and wild counts. Prior to 1995 
wild steelhead data was not published on a daily basis. The Steelhead-Wild parameter is a subset of the total 
steelhead and may include unmarked hatchery fish.
Chinook Run Dates: Chinook runs (referring to the season when adults migrate upstream) are based on run schedules by project as reported by the U.S. Army Corps of Engineers; Yakima Klickitat Fisheries Project and Oregon Department of Fish and Wildlife.
"DART Data Citation. Columbia River DART, Columbia Basin Research, University of Washington. (2026). Adult Passage Daily Counts. Available from https://www.cbr.washington.edu/dart/query/adult_daily."
